command,mean,stddev,median,user,system,min,max
.\build\simpleMandelbrot.exe > NUL,76.916211646,27.205703273873524,63.998601535999995,69.67468749999999,4.9037500000000005,54.904856936,135.257036236
